"","Df","Sum Sq","Mean Sq","F value","Pr(>F)"
"trt",3,4751.54821428571,1583.8494047619,1796.93877091618,5.59456661594107e-92
"Day",6,2418.6,403.1,457.332633000675,2.40688096462466e-74
"Replication",4,6.2071428571428,1.5517857142857,1.76056126660162,0.142107678986132
"trt:Day",18,4508.11428571428,250.450793650794,284.146169430479,3.13798600043621e-82
"Residuals",108,95.1928571428572,0.881415343915345,NA,NA
